{
    "root_group": {
        "groups": {},
        "checks": {
                "status not 5xx": {
                    "fails": 0,
                    "name": "status not 5xx",
                    "path": "::status not 5xx",
                    "id": "20f761dc0dca93deaff0c67ca5c63e65",
                    "passes": 330274
                }
            },
        "name": "",
        "path": "",
        "id": "d41d8cd98f00b204e9800998ecf8427e"
    },
    "metrics": {
        "http_req_duration": {
            "avg": 107.95559086262524,
            "min": 0.944774,
            "med": 111.838966,
            "max": 624.821027,
            "p(90)": 189.91299110000003,
            "p(95)": 219.5002343
        },
        "iterations": {
            "count": 330274,
            "rate": 786.3855003054406
        },
        "checks": {
            "passes": 330274,
            "fails": 0,
            "value": 1
        },
        "vus": {
            "value": 1,
            "min": 1,
            "max": 200
        },
        "http_req_duration{expected_response:true}": {
            "max": 624.821027,
            "p(90)": 191.77623119999998,
            "p(95)": 222.71450405,
            "avg": 108.84070290678451,
            "min": 0.944774,
            "med": 112.46498
        },
        "data_received": {
            "count": 1031170803,
            "rate": 2455227.380349401
        },
        "vus_max": {
            "value": 200,
            "min": 200,
            "max": 200
        },
        "http_req_tls_handshaking": {
            "med": 0,
            "max": 0,
            "p(90)": 0,
            "p(95)": 0,
            "avg": 0,
            "min": 0
        },
        "http_req_blocked": {
            "avg": 0.006917871639912047,
            "min": 0.001853,
            "med": 0.004919,
            "max": 38.433124,
            "p(90)": 0.007174,
            "p(95)": 0.008427
        },
        "http_req_receiving": {
            "avg": 0.07382518993018124,
            "min": 0.014929,
            "med": 0.0622965,
            "max": 27.385891,
            "p(90)": 0.10697670000000001,
            "p(95)": 0.13160534999999998
        },
        "data_sent": {
            "rate": 65246.236432496706,
            "count": 27402763
        },
        "iteration_duration": {
            "p(90)": 240.8749956,
            "p(95)": 270.4144227,
            "avg": 158.6956493357703,
            "min": 51.062641,
            "med": 162.4875225,
            "max": 677.461294
        },
        "error_rate": {
            "passes": 0,
            "fails": 330274,
            "thresholds": {
                "rate<0.10": false
            },
            "value": 0
        },
        "http_req_connecting": {
            "avg": 0.00044919481703070805,
            "min": 0,
            "med": 0,
            "max": 38.32313,
            "p(90)": 0,
            "p(95)": 0
        },
        "http_req_sending": {
            "avg": 0.019221849673301403,
            "min": 0.004739,
            "med": 0.011904,
            "max": 8.506641,
            "p(90)": 0.026221,
            "p(95)": 0.04114
        },
        "http_req_failed": {
            "passes": 39280,
            "fails": 290994,
            "thresholds": {
                "rate<0.10": true
            },
            "value": 0.11893155380078359
        },
        "http_reqs": {
            "count": 330274,
            "rate": 786.3855003054406
        },
        "http_req_waiting": {
            "max": 624.654171,
            "p(90)": 189.807876,
            "p(95)": 219.36142929999997,
            "avg": 107.86254382302316,
            "min": 0.870564,
            "med": 111.758753
        }
    }
}