{
    "root_group": {
        "name": "",
        "path": "",
        "id": "d41d8cd98f00b204e9800998ecf8427e",
        "groups": {},
        "checks": {
                "status not 5xx": {
                    "name": "status not 5xx",
                    "path": "::status not 5xx",
                    "id": "20f761dc0dca93deaff0c67ca5c63e65",
                    "passes": 54594,
                    "fails": 0
                }
            }
    },
    "metrics": {
        "checks": {
            "passes": 54594,
            "fails": 0,
            "value": 1
        },
        "vus": {
            "max": 200,
            "value": 1,
            "min": 1
        },
        "data_sent": {
            "count": 4528918,
            "rate": 10782.642223190227
        },
        "http_req_duration": {
            "max": 3934.903386,
            "p(90)": 2301.9915256000004,
            "p(95)": 2677.5455054499994,
            "avg": 910.4493459238556,
            "min": 0.661885,
            "med": 753.820283
        },
        "http_req_duration{expected_response:true}": {
            "p(90)": 2388.0668582000003,
            "p(95)": 2725.4943509,
            "avg": 955.1354379858519,
            "min": 0.661885,
            "med": 773.80673,
            "max": 3934.903386
        },
        "http_req_failed": {
            "passes": 6535,
            "fails": 48059,
            "thresholds": {
                "rate<0.10": true
            },
            "value": 0.11970179873246144
        },
        "http_req_sending": {
            "p(95)": 0.04904674999999999,
            "avg": 0.03188880964941185,
            "min": 0.006262,
            "med": 0.017234,
            "max": 17.869561,
            "p(90)": 0.03412300000000004
        },
        "error_rate": {
            "passes": 0,
            "fails": 54594,
            "thresholds": {
                "rate<0.10": false
            },
            "value": 0
        },
        "vus_max": {
            "value": 200,
            "min": 200,
            "max": 200
        },
        "http_req_receiving": {
            "avg": 0.12085145039748017,
            "min": -0.889069,
            "med": 0.0740225,
            "max": 25.21502,
            "p(90)": 0.14827820000000003,
            "p(95)": 0.2308152999999999
        },
        "data_received": {
            "count": 169084820,
            "rate": 402564.3916344962
        },
        "http_req_connecting": {
            "max": 37.797361,
            "p(90)": 0,
            "p(95)": 0,
            "avg": 0.003992313111330916,
            "min": 0,
            "med": 0
        },
        "http_req_tls_handshaking": {
            "p(95)": 0,
            "avg": 0,
            "min": 0,
            "med": 0,
            "max": 0,
            "p(90)": 0
        },
        "http_reqs": {
            "count": 54594,
            "rate": 129.9797367788172
        },
        "iterations": {
            "count": 54594,
            "rate": 129.9797367788172
        },
        "http_req_blocked": {
            "med": 0.006032,
            "max": 37.895491,
            "p(90)": 0.008637,
            "p(95)": 0.010851,
            "avg": 0.013889626662270197,
            "min": 0.002465
        },
        "http_req_waiting": {
            "avg": 910.2966056638159,
            "min": 0.611509,
            "med": 753.6827995,
            "max": 3934.774545,
            "p(90)": 2301.8365430000003,
            "p(95)": 2677.10530445
        },
        "iteration_duration": {
            "max": 3985.590073,
            "p(90)": 2353.734881700001,
            "p(95)": 2728.5729194499995,
            "avg": 962.0187605176409,
            "min": 50.974595,
            "med": 805.2433245
        }
    }
}